Feature,Importance
Absences,0.2759128
Tutoring,0.104066454
ParentalSupport,0.09156436
Extracurricular,0.07043849
Music,0.066157475
StudyTimeWeekly,0.06505554
Sports,0.0647145
Volunteering,0.05955344
Ethnicity,0.052981637
ParentalEducation,0.051521715
Gender,0.050501764
Age,0.047531955
